<?xml version="1.0" encoding="utf-8"?>
<!-- $Id: categories.xml 20196 2011-01-09 02:40:25Z ian $ -->
<extension type="component" version="1.6" method="upgrade">
	<name>com_rrhh</name>
		<author>Acortes</author>
	<creationDate>May 2016</creationDate>
		<copyright>(C) 2005 - 2011 Open Source Matters. All rights reserved.</copyright>
		<license>http://www.gnu.org/licenses/gpl-2.0.html GNU/GPL</license>
		<authorEmail>andres.cortesb@gmail.com</authorEmail>
		<authorUrl>www.tfcons.com</authorUrl>
		<version>1.6.0</version>
		<description>COM_RRHH_XML_DESCRIPTION</description>
	<administration>
		<files folder="admin">
			<filename>rrhh.php</filename>
			<filename>config.xml</filename>
			<filename>controller.php</filename>
			<filename>index.html</filename>
			<folder>helpers</folder>
			<folder>models</folder>
			<folder>views</folder>
		</files>
		<languages folder="admin">
			<language tag="en-GB">language/en-GB.com_rrhh.ini
			</language>
		</languages>
	</administration>
</extension>