<?xml version="1.0" encoding="utf-8"?>
<extension type="component" version="3.5.1" method="upgrade" >
	<name>Rrhh</name>
	<author></author>
	<creationDate>April 2016</creationDate>
	<copyright></copyright>
	<license></license>
	<authorEmail></authorEmail>
	<authorUrl></authorUrl>
	<version>1.0</version>
	<description></description>
	<files folder="site">
		<filename>rrhh.php</filename>
		<filename>controller.php</filename>
		<filename>index.html</filename>
		<folder>views</folder>
		<folder>language</folder>
		<folder>models</folder>
	</files>
	<administration>
		<menu>Rrhh</menu>
		<files folder="admin">
			<filename>rrhh.php</filename>
			<filename>controller.php</filename>
			<filename>index.html</filename>
			<folder>views</folder>
			<folder>language</folder>
			<folder>models</folder>
		</files>
	</administration>
</extension>